Cod_IBGE;Grande região;Municípios;Tot_Mun de casos;Tot_Mun de óbitos;;;
3500105;Interior;Adamantina;10616;181;;;
3500204;Interior;Adolfo;964;25;;;
3500303;Interior;Aguaí;6870;136;;;
3500402;Interior;Águas da Prata;1904;38;;;
3500501;Interior;Águas de Lindóia;5181;63;;;
3500550;Interior;Águas de Santa Bárbara;620;25;;;
3500600;Interior;Águas de São Pedro;475;16;;;
3500709;Interior;Agudos;7501;121;;;
3500758;Interior;Alambari;1481;13;;;
3500808;Interior;Alfredo Marcondes;309;21;;;
3500907;Interior;Altair;321;18;;;
3501004;Interior;Altinópolis;1239;67;;;
3501103;Interior;Alto Alegre;418;25;;;
3501152;Interior;Alumínio;1707;56;;;
3501202;Interior;Álvares Florence;648;18;;;
3501301;Interior;Álvares Machado;4169;88;;;
3501400;Interior;Álvaro de Carvalho;342;9;;;
3501509;Interior;Alvinlândia;155;10;;;
3501608;Interior;Americana;28189;991;;;
3501707;Interior;Américo Brasiliense;6893;109;;;
3501806;Interior;Américo de Campos;1291;37;;;
3501905;Interior;Amparo;10623;261;;;
3502002;Interior;Analândia;595;6;;;
3502101;Interior;Andradina;14224;316;;;
3502200;Interior;Angatuba;5151;93;;;
3502309;Interior;Anhembi;450;14;;;
3502408;Interior;Anhumas;411;10;;;
3502507;Interior;Aparecida;2981;128;;;
3502606;Interior;Aparecida d'Oeste;1649;27;;;
3502705;Interior;Apiaí;1801;108;;;
3502754;Interior;Araçariguama;2930;77;;;
3502804;Interior;Araçatuba;46473;999;;;
3502903;Interior;Araçoiaba da Serra;3297;103;;;
3503000;Interior;Aramina;394;20;;;
3503109;Interior;Arandu;666;22;;;
3503158;Interior;Arapeí;276;7;;;
3503208;Interior;Araraquara;61898;646;;;
3503307;Interior;Araras;20282;458;;;
3503356;Interior;Arco-Íris;591;10;;;
3503406;Interior;Arealva;2054;30;;;
3503505;Interior;Areias;365;6;;;
3503604;Interior;Areiópolis;2206;33;;;
3503703;Interior;Ariranha;1038;37;;;
3503802;Interior;Artur Nogueira;9070;155;;;
3503901;RMSP (exceto capital);Arujá;12364;360;;;
3503950;Interior;Aspásia;583;9;;;
3504008;Interior;Assis;23594;467;;;
3504107;Interior;Atibaia;13257;473;;;
3504206;Interior;Auriflama;2267;87;;;
3504305;Interior;Avaí;830;14;;;
3504404;Interior;Avanhandava;1827;48;;;
3504503;Interior;Avaré;15583;322;;;
3504602;Interior;Bady Bassitt;4519;101;;;
3504701;Interior;Balbinos;725;4;;;
3504800;Interior;Bálsamo;2921;76;;;
3504909;Interior;Bananal;1164;9;;;
3505005;Interior;Barão de Antonina;970;11;;;
3505104;Interior;Barbosa;935;25;;;
3505203;Interior;Bariri;6840;151;;;
3505302;Interior;Barra Bonita;5623;129;;;
3505351;Interior;Barra do Chapéu;465;14;;;
3505401;Interior;Barra do Turvo;894;27;;;
3505500;Interior;Barretos;29467;637;;;
3505609;Interior;Barrinha;1759;92;;;
3505708;RMSP (exceto capital);Barueri;46501;1259;;;
3505807;Interior;Bastos;3468;88;;;
3505906;Interior;Batatais;6868;211;;;
3506003;Interior;Bauru;81789;1461;;;
3506102;Interior;Bebedouro;5768;346;;;
3506201;Interior;Bento de Abreu;665;6;;;
3506300;Interior;Bernardino de Campos;2056;41;;;
3506359;Interior;Bertioga;10654;198;;;
3506409;Interior;Bilac;969;25;;;
3506508;Interior;Birigui;30077;648;;;
3506607;RMSP (exceto capital);Biritiba Mirim;1586;120;;;
3506706;Interior;Boa Esperança do Sul;2701;27;;;
3506805;Interior;Bocaina;2467;39;;;
3506904;Interior;Bofete;2264;29;;;
3507001;Interior;Boituva;7040;213;;;
3507100;Interior;Bom Jesus dos Perdões;2543;46;;;
3507159;Interior;Bom Sucesso de Itararé;640;7;;;
3507209;Interior;Borá;203;1;;;
3507308;Interior;Boracéia;1058;26;;;
3507407;Interior;Borborema;4187;58;;;
3507456;Interior;Borebi;305;4;;;
3507506;Interior;Botucatu;49683;389;;;
3507605;Interior;Bragança Paulista;43860;642;;;
3507704;Interior;Braúna;635;26;;;
3507753;Interior;Brejo Alegre;838;14;;;
3507803;Interior;Brodowski;4509;87;;;
3507902;Interior;Brotas;7274;76;;;
3508009;Interior;Buri;4144;106;;;
3508108;Interior;Buritama;5642;89;;;
3508207;Interior;Buritizal;361;10;;;
3508306;Interior;Cabrália Paulista;1062;9;;;
3508405;Interior;Cabreúva;7587;149;;;
3508504;Interior;Caçapava;14810;327;;;
3508603;Interior;Cachoeira Paulista;5336;70;;;
3508702;Interior;Caconde;3332;46;;;
3508801;Interior;Cafelândia;882;61;;;
3508900;Interior;Caiabu;330;8;;;
3509007;RMSP (exceto capital);Caieiras;12954;358;;;
3509106;Interior;Caiuá;515;12;;;
3509205;RMSP (exceto capital);Cajamar;5651;266;;;
3509254;Interior;Cajati;6508;114;;;
3509304;Interior;Cajobi;2317;38;;;
3509403;Interior;Cajuru;2092;78;;;
3509452;Interior;Campina do Monte Alegre;631;28;;;
3509502;Interior;Campinas;199040;5304;;;
3509601;Interior;Campo Limpo Paulista;9628;315;;;
3509700;Interior;Campos do Jordão;12326;161;;;
3509809;Interior;Campos Novos Paulista;321;13;;;
3509908;Interior;Cananéia;2226;39;;;
3509957;Interior;Canas;236;8;;;
3510005;Interior;Cândido Mota;7628;186;;;
3510104;Interior;Cândido Rodrigues;151;8;;;
3510153;Interior;Canitar;1588;28;;;
3510203;Interior;Capão Bonito;9926;183;;;
3510302;Interior;Capela do Alto;1715;48;;;
3510401;Interior;Capivari;5907;124;;;
3510500;Interior;Caraguatatuba;33674;535;;;
3510609;RMSP (exceto capital);Carapicuíba;38975;1276;;;
3510708;Interior;Cardoso;3281;71;;;
3510807;Interior;Casa Branca;5940;131;;;
3510906;Interior;Cássia dos Coqueiros;258;4;;;
3511003;Interior;Castilho;4281;100;;;
3511102;Interior;Catanduva;35729;720;;;
3511201;Interior;Catiguá;920;40;;;
3511300;Interior;Cedral;3272;39;;;
3511409;Interior;Cerqueira César;4190;59;;;
3511508;Interior;Cerquilho;13990;169;;;
3511607;Interior;Cesário Lange;4433;80;;;
3511706;Interior;Charqueada;3964;52;;;
3511904;Interior;Clementina;978;24;;;
3512001;Interior;Colina;2604;73;;;
3512100;Interior;Colômbia;1214;18;;;
3512209;Interior;Conchal;4870;95;;;
3512308;Interior;Conchas;3952;84;;;
3512407;Interior;Cordeirópolis;6020;115;;;
3512506;Interior;Coroados;1587;24;;;
3512605;Interior;Coronel Macedo;683;30;;;
3512704;Interior;Corumbataí;976;8;;;
3512803;Interior;Cosmópolis;8021;193;;;
3512902;Interior;Cosmorama;2009;44;;;
3513009;RMSP (exceto capital);Cotia;26615;792;;;
3513108;Interior;Cravinhos;2254;116;;;
3513207;Interior;Cristais Paulista;1303;18;;;
3513306;Interior;Cruzália;223;6;;;
3513405;Interior;Cruzeiro;7169;244;;;
3513504;Interior;Cubatão;17477;545;;;
3513603;Interior;Cunha;1169;43;;;
3513702;Interior;Descalvado;8607;103;;;
3513801;RMSP (exceto capital);Diadema;31083;1543;;;
3513850;Interior;Dirce Reis;328;6;;;
3513900;Interior;Divinolândia;2281;49;;;
3514007;Interior;Dobrada;626;13;;;
3514106;Interior;Dois Córregos;2077;46;;;
3514205;Interior;Dolcinópolis;414;9;;;
3514304;Interior;Dourado;2560;26;;;
3514403;Interior;Dracena;11466;300;;;
3514502;Interior;Duartina;2072;34;;;
3514601;Interior;Dumont;2542;28;;;
3514700;Interior;Echaporã;816;29;;;
3514809;Interior;Eldorado;3248;33;;;
3514908;Interior;Elias Fausto;2529;41;;;
3514924;Interior;Elisiário;634;13;;;
3514957;Interior;Embaúba;130;11;;;
3515004;RMSP (exceto capital);Embu das Artes;11146;727;;;
3515103;RMSP (exceto capital);Embu-Guaçu;5897;235;;;
3515129;Interior;Emilianópolis;880;10;;;
3515152;Interior;Engenheiro Coelho;4236;65;;;
3515186;Interior;Espírito Santo do Pinhal;13033;136;;;
3515194;Interior;Espírito Santo do Turvo;824;11;;;
3515202;Interior;Estrela d'Oeste;3135;39;;;
3515301;Interior;Estrela do Norte;654;8;;;
3515350;Interior;Euclides da Cunha Paulista;534;18;;;
3515400;Interior;Fartura;4457;66;;;
3515509;Interior;Fernandópolis;19070;402;;;
3515608;Interior;Fernando Prestes;1436;14;;;
3515657;Interior;Fernão;693;6;;;
3515707;RMSP (exceto capital);Ferraz de Vasconcelos;10656;522;;;
3515806;Interior;Flora Rica;146;10;;;
3515905;Interior;Floreal;888;9;;;
3516002;Interior;Flórida Paulista;3222;40;;;
3516101;Interior;Florínea;443;17;;;
3516200;Interior;Franca;38856;1083;;;
3516309;RMSP (exceto capital);Francisco Morato;15722;470;;;
3516408;RMSP (exceto capital);Franco da Rocha;18516;430;;;
3516507;Interior;Gabriel Monteiro;1147;8;;;
3516606;Interior;Gália;1010;21;;;
3516705;Interior;Garça;8987;165;;;
3516804;Interior;Gastão Vidigal;543;18;;;
3516853;Interior;Gavião Peixoto;1937;23;;;
3516903;Interior;General Salgado;1579;51;;;
3517000;Interior;Getulina;1057;36;;;
3517109;Interior;Glicério;1230;22;;;
3517208;Interior;Guaiçara;1692;30;;;
3517307;Interior;Guaimbê;952;9;;;
3517406;Interior;Guaíra;9123;240;;;
3517505;Interior;Guapiaçu;2394;96;;;
3517604;Interior;Guapiara;2894;97;;;
3517703;Interior;Guará;3802;116;;;
3517802;Interior;Guaraçaí;1601;30;;;
3517901;Interior;Guaraci;2390;30;;;
3518008;Interior;Guarani d'Oeste;871;8;;;
3518107;Interior;Guarantã;314;25;;;
3518206;Interior;Guararapes;9250;133;;;
3518305;RMSP (exceto capital);Guararema;2568;111;;;
3518404;Interior;Guaratinguetá;17197;382;;;
3518503;Interior;Guareí;4186;39;;;
3518602;Interior;Guariba;5062;130;;;
3518701;Interior;Guarujá;27679;1486;;;
3518800;RMSP (exceto capital);Guarulhos;84459;5528;;;
3518859;Interior;Guatapará;1128;28;;;
3518909;Interior;Guzolândia;865;34;;;
3519006;Interior;Herculândia;1256;33;;;
3519055;Interior;Holambra;3813;20;;;
3519071;Interior;Hortolândia;37176;884;;;
3519105;Interior;Iacanga;1892;34;;;
3519204;Interior;Iacri;1683;23;;;
3519253;Interior;Iaras;300;24;;;
3519303;Interior;Ibaté;5954;112;;;
3519402;Interior;Ibirá;2252;47;;;
3519501;Interior;Ibirarema;1224;37;;;
3519600;Interior;Ibitinga;15767;310;;;
3519709;Interior;Ibiúna;5339;164;;;
3519808;Interior;Icém;1917;37;;;
3519907;Interior;Iepê;1839;34;;;
3520004;Interior;Igaraçu do Tietê;4120;75;;;
3520103;Interior;Igarapava;1412;108;;;
3520202;Interior;Igaratá;2463;40;;;
3520301;Interior;Iguape;5209;124;;;
3520400;Interior;Ilhabela;7492;52;;;
3520426;Interior;Ilha Comprida;3527;65;;;
3520442;Interior;Ilha Solteira;4438;119;;;
3520509;Interior;Indaiatuba;28886;848;;;
3520608;Interior;Indiana;380;13;;;
3520707;Interior;Indiaporã;1252;14;;;
3520806;Interior;Inúbia Paulista;1254;21;;;
3520905;Interior;Ipaussu;4221;57;;;
3521002;Interior;Iperó;5679;76;;;
3521101;Interior;Ipeúna;785;24;;;
3521150;Interior;Ipiguá;1895;33;;;
3521200;Interior;Iporanga;876;8;;;
3521309;Interior;Ipuã;2774;69;;;
3521408;Interior;Iracemápolis;6642;111;;;
3521507;Interior;Irapuã;1355;31;;;
3521606;Interior;Irapuru;1680;42;;;
3521705;Interior;Itaberá;5396;77;;;
3521804;Interior;Itaí;6937;90;;;
3521903;Interior;Itajobi;5020;71;;;
3522000;Interior;Itaju;999;11;;;
3522109;Interior;Itanhaém;12522;403;;;
3522158;Interior;Itaoca;287;8;;;
3522208;RMSP (exceto capital);Itapecerica da Serra;12408;499;;;
3522307;Interior;Itapetininga;18240;607;;;
3522406;Interior;Itapeva;20440;473;;;
3522505;RMSP (exceto capital);Itapevi;13033;771;;;
3522604;Interior;Itapira;16384;369;;;
3522653;Interior;Itapirapuã Paulista;1251;6;;;
3522703;Interior;Itápolis;13512;183;;;
3522802;Interior;Itaporanga;3045;61;;;
3522901;Interior;Itapuí;2473;48;;;
3523008;Interior;Itapura;679;17;;;
3523107;RMSP (exceto capital);Itaquaquecetuba;25246;1151;;;
3523206;Interior;Itararé;10440;276;;;
3523305;Interior;Itariri;1865;51;;;
3523404;Interior;Itatiba;24353;369;;;
3523503;Interior;Itatinga;4536;68;;;
3523602;Interior;Itirapina;2690;45;;;
3523701;Interior;Itirapuã;324;8;;;
3523800;Interior;Itobi;1274;24;;;
3523909;Interior;Itu;34106;576;;;
3524006;Interior;Itupeva;8875;168;;;
3524105;Interior;Ituverava;3997;161;;;
3524204;Interior;Jaborandi;591;24;;;
3524303;Interior;Jaboticabal;8707;257;;;
3524402;Interior;Jacareí;30146;905;;;
3524501;Interior;Jaci;2678;33;;;
3524600;Interior;Jacupiranga;3047;65;;;
3524709;Interior;Jaguariúna;11083;192;;;
3524808;Interior;Jales;15052;304;;;
3524907;Interior;Jambeiro;507;18;;;
3525003;RMSP (exceto capital);Jandira;9755;357;;;
3525102;Interior;Jardinópolis;4847;167;;;
3525201;Interior;Jarinu;3469;88;;;
3525300;Interior;Jaú;21451;608;;;
3525409;Interior;Jeriquara;636;3;;;
3525508;Interior;Joanópolis;1499;15;;;
3525607;Interior;João Ramalho;1175;13;;;
3525706;Interior;José Bonifácio;9181;168;;;
3525805;Interior;Júlio Mesquita;355;16;;;
3525854;Interior;Jumirim;624;8;;;
3525904;Interior;Jundiaí;74100;1804;;;
3526001;Interior;Junqueirópolis;4801;104;;;
3526100;Interior;Juquiá;3056;68;;;
3526209;RMSP (exceto capital);Juquitiba;1824;87;;;
3526308;Interior;Lagoinha;244;16;;;
3526407;Interior;Laranjal Paulista;6349;143;;;
3526506;Interior;Lavínia;1548;19;;;
3526605;Interior;Lavrinhas;379;15;;;
3526704;Interior;Leme;21010;472;;;
3526803;Interior;Lençóis Paulista;23746;212;;;
3526902;Interior;Limeira;43492;1292;;;
3527009;Interior;Lindóia;2155;21;;;
3527108;Interior;Lins;12630;337;;;
3527207;Interior;Lorena;7539;271;;;
3527256;Interior;Lourdes;392;6;;;
3527306;Interior;Louveira;11723;126;;;
3527405;Interior;Lucélia;4278;80;;;
3527504;Interior;Lucianópolis;433;6;;;
3527603;Interior;Luís Antônio;3457;44;;;
3527702;Interior;Luiziânia;415;14;;;
3527801;Interior;Lupércio;274;8;;;
3527900;Interior;Lutécia;863;8;;;
3528007;Interior;Macatuba;5070;62;;;
3528106;Interior;Macaubal;1900;23;;;
3528205;Interior;Macedônia;1058;31;;;
3528304;Interior;Magda;762;10;;;
3528403;Interior;Mairinque;5277;87;;;
3528502;RMSP (exceto capital);Mairiporã;7536;277;;;
3528601;Interior;Manduri;993;31;;;
3528700;Interior;Marabá Paulista;744;6;;;
3528809;Interior;Maracaí;3425;54;;;
3528858;Interior;Marapoama;1074;15;;;
3528908;Interior;Mariápolis;1171;12;;;
3529005;Interior;Marília;40669;1130;;;
3529104;Interior;Marinópolis;670;7;;;
3529203;Interior;Martinópolis;2185;93;;;
3529302;Interior;Matão;6990;232;;;
3529401;RMSP (exceto capital);Mauá;36538;1664;;;
3529500;Interior;Mendonça;2024;33;;;
3529609;Interior;Meridiano;647;39;;;
3529658;Interior;Mesópolis;731;6;;;
3529708;Interior;Miguelópolis;1533;107;;;
3529807;Interior;Mineiros do Tietê;2379;35;;;
3529906;Interior;Miracatu;3475;83;;;
3530003;Interior;Mira Estrela;551;15;;;
3530102;Interior;Mirandópolis;2280;114;;;
3530201;Interior;Mirante do Paranapanema;2405;51;;;
3530300;Interior;Mirassol;10507;319;;;
3530409;Interior;Mirassolândia;777;21;;;
3530508;Interior;Mococa;13228;290;;;
3530607;RMSP (exceto capital);Mogi das Cruzes;45840;1878;;;
3530706;Interior;Mogi Guaçu;36452;692;;;
3530805;Interior;Mogi Mirim;24547;420;;;
3530904;Interior;Mombuca;468;11;;;
3531001;Interior;Monções;549;7;;;
3531100;Interior;Mongaguá;2658;110;;;
3531209;Interior;Monte Alegre do Sul;1655;22;;;
3531308;Interior;Monte Alto;11035;219;;;
3531407;Interior;Monte Aprazível;4729;121;;;
3531506;Interior;Monte Azul Paulista;2384;28;;;
3531605;Interior;Monte Castelo;1494;24;;;
3531704;Interior;Monteiro Lobato;319;11;;;
3531803;Interior;Monte Mor;8094;169;;;
3531902;Interior;Morro Agudo;5500;112;;;
3532009;Interior;Morungaba;1088;39;;;
3532058;Interior;Motuca;378;11;;;
3532108;Interior;Murutinga do Sul;1041;22;;;
3532157;Interior;Nantes;257;7;;;
3532207;Interior;Narandiba;1780;25;;;
3532306;Interior;Natividade da Serra;246;14;;;
3532405;Interior;Nazaré Paulista;2813;65;;;
3532504;Interior;Neves Paulista;2490;58;;;
3532603;Interior;Nhandeara;3063;56;;;
3532702;Interior;Nipoã;528;17;;;
3532801;Interior;Nova Aliança;1562;34;;;
3532827;Interior;Nova Campina;1165;46;;;
3532843;Interior;Nova Canaã Paulista;757;10;;;
3532868;Interior;Nova Castilho;314;4;;;
3532900;Interior;Nova Europa;858;30;;;
3533007;Interior;Nova Granada;5780;87;;;
3533106;Interior;Nova Guataporanga;170;4;;;
3533205;Interior;Nova Independência;1558;8;;;
3533254;Interior;Novais;314;17;;;
3533304;Interior;Nova Luzitânia;393;14;;;
3533403;Interior;Nova Odessa;10605;280;;;
3533502;Interior;Novo Horizonte;6263;241;;;
3533601;Interior;Nuporanga;421;14;;;
3533700;Interior;Ocauçu;953;9;;;
3533809;Interior;Óleo;161;6;;;
3533908;Interior;Olímpia;14488;303;;;
3534005;Interior;Onda Verde;954;28;;;
3534104;Interior;Oriente;436;27;;;
3534203;Interior;Orindiúva;2310;20;;;
3534302;Interior;Orlândia;7987;132;;;
3534401;RMSP (exceto capital);Osasco;48711;3102;;;
3534500;Interior;Oscar Bressane;727;9;;;
3534609;Interior;Osvaldo Cruz;9263;138;;;
3534708;Interior;Ourinhos;24701;585;;;
3534757;Interior;Ouroeste;2944;49;;;
3534807;Interior;Ouro Verde;1143;38;;;
3534906;Interior;Pacaembu;3776;52;;;
3535002;Interior;Palestina;2323;47;;;
3535101;Interior;Palmares Paulista;2268;47;;;
3535200;Interior;Palmeira d'Oeste;2356;35;;;
3535309;Interior;Palmital;4803;81;;;
3535408;Interior;Panorama;2208;81;;;
3535507;Interior;Paraguaçu Paulista;9728;172;;;
3535606;Interior;Paraibuna;1334;60;;;
3535705;Interior;Paraíso;1136;31;;;
3535804;Interior;Paranapanema;2161;90;;;
3535903;Interior;Paranapuã;1192;28;;;
3536000;Interior;Parapuã;1593;50;;;
3536109;Interior;Pardinho;1206;19;;;
3536208;Interior;Pariquera-Açu;3957;77;;;
3536257;Interior;Parisi;987;20;;;
3536307;Interior;Patrocínio Paulista;1143;38;;;
3536406;Interior;Paulicéia;1702;26;;;
3536505;Interior;Paulínia;23568;346;;;
3536570;Interior;Paulistânia;210;7;;;
3536604;Interior;Paulo de Faria;1213;42;;;
3536703;Interior;Pederneiras;8602;143;;;
3536802;Interior;Pedra Bela;283;10;;;
3536901;Interior;Pedranópolis;279;10;;;
3537008;Interior;Pedregulho;388;24;;;
3537107;Interior;Pedreira;6005;130;;;
3537156;Interior;Pedrinhas Paulista;729;12;;;
3537206;Interior;Pedro de Toledo;913;22;;;
3537305;Interior;Penápolis;17732;314;;;
3537404;Interior;Pereira Barreto;5186;119;;;
3537503;Interior;Pereiras;1202;23;;;
3537602;Interior;Peruíbe;10085;300;;;
3537701;Interior;Piacatu;1698;11;;;
3537800;Interior;Piedade;8887;193;;;
3537909;Interior;Pilar do Sul;6202;90;;;
3538006;Interior;Pindamonhangaba;23038;575;;;
3538105;Interior;Pindorama;3596;62;;;
3538204;Interior;Pinhalzinho;2250;26;;;
3538303;Interior;Piquerobi;250;9;;;
3538501;Interior;Piquete;410;31;;;
3538600;Interior;Piracaia;5997;78;;;
3538709;Interior;Piracicaba;98549;1630;;;
3538808;Interior;Piraju;6510;110;;;
3538907;Interior;Pirajuí;4555;71;;;
3539004;Interior;Pirangi;2980;70;;;
3539103;RMSP (exceto capital);Pirapora do Bom Jesus;1677;26;;;
3539202;Interior;Pirapozinho;3899;86;;;
3539301;Interior;Pirassununga;19150;306;;;
3539400;Interior;Piratininga;2234;51;;;
3539509;Interior;Pitangueiras;7658;188;;;
3539608;Interior;Planalto;668;12;;;
3539707;Interior;Platina;746;12;;;
3539806;RMSP (exceto capital);Poá;11127;439;;;
3539905;Interior;Poloni;1785;21;;;
3540002;Interior;Pompéia;1041;57;;;
3540101;Interior;Pongaí;397;12;;;
3540200;Interior;Pontal;8106;186;;;
3540259;Interior;Pontalinda;608;20;;;
3540309;Interior;Pontes Gestal;815;10;;;
3540408;Interior;Populina;1371;14;;;
3540507;Interior;Porangaba;1227;23;;;
3540606;Interior;Porto Feliz;13677;173;;;
3540705;Interior;Porto Ferreira;16240;218;;;
3540754;Interior;Potim;3489;41;;;
3540804;Interior;Potirendaba;5715;95;;;
3540853;Interior;Pracinha;449;5;;;
3540903;Interior;Pradópolis;2056;47;;;
3541000;Interior;Praia Grande;31050;1347;;;
3541059;Interior;Pratânia;1446;19;;;
3541109;Interior;Presidente Alves;615;10;;;
3541208;Interior;Presidente Bernardes;1416;50;;;
3541307;Interior;Presidente Epitácio;6600;145;;;
3541406;Interior;Presidente Prudente;42176;1055;;;
3541505;Interior;Presidente Venceslau;5513;135;;;
3541604;Interior;Promissão;9468;126;;;
3541653;Interior;Quadra;250;9;;;
3541703;Interior;Quatá;2927;32;;;
3541802;Interior;Queiroz;1058;3;;;
3541901;Interior;Queluz;1111;30;;;
3542008;Interior;Quintana;587;33;;;
3542107;Interior;Rafard;1164;14;;;
3542206;Interior;Rancharia;7017;113;;;
3542305;Interior;Redenção da Serra;122;6;;;
3542404;Interior;Regente Feijó;1821;80;;;
3542503;Interior;Reginópolis;778;24;;;
3542602;Interior;Registro;11445;258;;;
3542701;Interior;Restinga;732;10;;;
3542800;Interior;Ribeira;537;8;;;
3542909;Interior;Ribeirão Bonito;1816;33;;;
3543006;Interior;Ribeirão Branco;2647;72;;;
3543105;Interior;Ribeirão Corrente;343;4;;;
3543204;Interior;Ribeirão do Sul;717;27;;;
3543238;Interior;Ribeirão dos Índios;119;8;;;
3543253;Interior;Ribeirão Grande;534;30;;;
3543303;RMSP (exceto capital);Ribeirão Pires;12451;387;;;
3543402;Interior;Ribeirão Preto;104838;3429;;;
3543501;Interior;Riversul;930;32;;;
3543600;Interior;Rifaina;1018;12;;;
3543709;Interior;Rincão;1830;46;;;
3543808;Interior;Rinópolis;671;20;;;
3543907;Interior;Rio Claro;13788;691;;;
3544004;Interior;Rio das Pedras;3727;121;;;
3544103;RMSP (exceto capital);Rio Grande da Serra;2414;107;;;
3544202;Interior;Riolândia;2936;33;;;
3544251;Interior;Rosana;4464;53;;;
3544301;Interior;Roseira;1605;31;;;
3544400;Interior;Rubiácea;733;11;;;
3544509;Interior;Rubinéia;1255;19;;;
3544608;Interior;Sabino;304;30;;;
3544707;Interior;Sagres;266;4;;;
3544806;Interior;Sales;853;45;;;
3544905;Interior;Sales Oliveira;1856;33;;;
3545001;RMSP (exceto capital);Salesópolis;710;62;;;
3545100;Interior;Salmourão;474;24;;;
3545159;Interior;Saltinho;2573;25;;;
3545209;Interior;Salto;24348;523;;;
3545308;Interior;Salto de Pirapora;4457;188;;;
3545407;Interior;Salto Grande;2058;19;;;
3545506;Interior;Sandovalina;715;14;;;
3545605;Interior;Santa Adélia;2801;67;;;
3545704;Interior;Santa Albertina;2074;29;;;
3545803;Interior;Santa Bárbara d'Oeste;29382;896;;;
3546009;Interior;Santa Branca;2003;37;;;
3546108;Interior;Santa Clara d'Oeste;515;22;;;
3546207;Interior;Santa Cruz da Conceição;1942;17;;;
3546256;Interior;Santa Cruz da Esperança;202;7;;;
3546306;Interior;Santa Cruz das Palmeiras;5584;138;;;
3546405;Interior;Santa Cruz do Rio Pardo;8770;206;;;
3546504;Interior;Santa Ernestina;553;21;;;
3546603;Interior;Santa Fé do Sul;9076;164;;;
3546702;Interior;Santa Gertrudes;3941;87;;;
3546801;RMSP (exceto capital);Santa Isabel;7773;296;;;
3546900;Interior;Santa Lúcia;780;25;;;
3547007;Interior;Santa Maria da Serra;1341;12;;;
3547106;Interior;Santa Mercedes;816;11;;;
3547205;Interior;Santana da Ponte Pensa;518;6;;;
3547304;RMSP (exceto capital);Santana de Parnaíba;24335;437;;;
3547403;Interior;Santa Rita d'Oeste;439;15;;;
3547502;Interior;Santa Rita do Passa Quatro;1823;47;;;
3547601;Interior;Santa Rosa de Viterbo;2494;57;;;
3547650;Interior;Santa Salete;623;8;;;
3547700;Interior;Santo Anastácio;3611;72;;;
3547809;RMSP (exceto capital);Santo André;93570;3496;;;
3547908;Interior;Santo Antônio da Alegria;541;23;;;
3548005;Interior;Santo Antônio de Posse;4682;66;;;
3548054;Interior;Santo Antônio do Aracanguá;621;39;;;
3548104;Interior;Santo Antônio do Jardim;1311;25;;;
3548203;Interior;Santo Antônio do Pinhal;1516;10;;;
3548302;Interior;Santo Expedito;214;11;;;
3548401;Interior;Santópolis do Aguapeí;762;19;;;
3548500;Interior;Santos;81985;2613;;;
3548609;Interior;São Bento do Sapucaí;817;14;;;
3548708;RMSP (exceto capital);São Bernardo do Campo;77014;3779;;;
3548807;RMSP (exceto capital);São Caetano do Sul;32682;1144;;;
3548906;Interior;São Carlos;33956;626;;;
3549003;Interior;São Francisco;430;21;;;
3549102;Interior;São João da Boa Vista;22287;382;;;
3549201;Interior;São João das Duas Pontes;536;10;;;
3549250;Interior;São João de Iracema;867;10;;;
3549300;Interior;São João do Pau d'Alho;217;4;;;
3549409;Interior;São Joaquim da Barra;7425;178;;;
3549508;Interior;São José da Bela Vista;335;20;;;
3549607;Interior;São José do Barreiro;737;9;;;
3549706;Interior;São José do Rio Pardo;7081;178;;;
3549805;Interior;São José do Rio Preto;141508;3172;;;
3549904;Interior;São José dos Campos;126171;2302;;;
3549953;RMSP (exceto capital);São Lourenço da Serra;702;41;;;
3550001;Interior;São Luiz do Paraitinga;964;34;;;
3550100;Interior;São Manuel;6630;171;;;
3550209;Interior;São Miguel Arcanjo;4379;88;;;
3550308;Capital;São Paulo;1123592;43945;;;
3550407;Interior;São Pedro;9691;123;;;
3550506;Interior;São Pedro do Turvo;1014;15;;;
3550605;Interior;São Roque;7169;131;;;
3550704;Interior;São Sebastião;8767;198;;;
3550803;Interior;São Sebastião da Grama;2546;39;;;
3550902;Interior;São Simão;1681;38;;;
3551009;Interior;São Vicente;28960;1467;;;
3551108;Interior;Sarapuí;524;7;;;
3551207;Interior;Sarutaiá;149;22;;;
3551306;Interior;Sebastianópolis do Sul;313;10;;;
3551405;Interior;Serra Azul;1393;20;;;
3551504;Interior;Serrana;10278;142;;;
3551603;Interior;Serra Negra;6448;94;;;
3551702;Interior;Sertãozinho;20272;565;;;
3551801;Interior;Sete Barras;2839;47;;;
3551900;Interior;Severínia;2583;82;;;
3552007;Interior;Silveiras;561;11;;;
3552106;Interior;Socorro;5987;105;;;
3552205;Interior;Sorocaba;105193;3194;;;
3552304;Interior;Sud Mennucci;958;18;;;
3552403;Interior;Sumaré;38394;986;;;
3552502;RMSP (exceto capital);Suzano;29288;1031;;;
3552551;Interior;Suzanápolis;400;12;;;
3552601;Interior;Tabapuã;3215;68;;;
3552700;Interior;Tabatinga;3051;60;;;
3552809;RMSP (exceto capital);Taboão da Serra;19811;1041;;;
3552908;Interior;Taciba;856;27;;;
3553005;Interior;Taguaí;3483;46;;;
3553104;Interior;Taiaçu;1250;15;;;
3553203;Interior;Taiúva;1085;18;;;
3553302;Interior;Tambaú;5059;61;;;
3553401;Interior;Tanabi;6833;132;;;
3553500;Interior;Tapiraí;868;11;;;
3553609;Interior;Tapiratiba;3090;35;;;
3553658;Interior;Taquaral;398;12;;;
3553708;Interior;Taquaritinga;14072;248;;;
3553807;Interior;Taquarituba;6555;117;;;
3553856;Interior;Taquarivaí;1008;21;;;
3553906;Interior;Tarabai;955;35;;;
3553955;Interior;Tarumã;1806;58;;;
3554003;Interior;Tatuí;21043;523;;;
3554102;Interior;Taubaté;35403;1146;;;
3554201;Interior;Tejupá;281;12;;;
3554300;Interior;Teodoro Sampaio;3613;61;;;
3554409;Interior;Terra Roxa;1372;37;;;
3554508;Interior;Tietê;7937;131;;;
3554607;Interior;Timburi;730;12;;;
3554656;Interior;Torre de Pedra;233;13;;;
3554706;Interior;Torrinha;3610;25;;;
3554755;Interior;Trabiju;451;5;;;
3554805;Interior;Tremembé;2867;69;;;
3554904;Interior;Três Fronteiras;1777;38;;;
3554953;Interior;Tuiuti;1220;19;;;
3555000;Interior;Tupã;8099;325;;;
3555109;Interior;Tupi Paulista;3947;55;;;
3555208;Interior;Turiúba;543;4;;;
3555307;Interior;Turmalina;535;7;;;
3555356;Interior;Ubarana;1581;24;;;
3555406;Interior;Ubatuba;11084;155;;;
3555505;Interior;Ubirajara;577;13;;;
3555604;Interior;Uchoa;1885;39;;;
3555703;Interior;União Paulista;319;7;;;
3555802;Interior;Urânia;3057;49;;;
3555901;Interior;Uru;394;5;;;
3556008;Interior;Urupês;930;53;;;
3556107;Interior;Valentim Gentil;4522;76;;;
3556206;Interior;Valinhos;22169;518;;;
3556305;Interior;Valparaíso;4972;89;;;
3556354;Interior;Vargem;606;22;;;
3556404;Interior;Vargem Grande do Sul;5591;115;;;
3556453;RMSP (exceto capital);Vargem Grande Paulista;6564;131;;;
3556503;Interior;Várzea Paulista;13188;311;;;
3556602;Interior;Vera Cruz;705;45;;;
3556701;Interior;Vinhedo;17638;250;;;
3556800;Interior;Viradouro;2963;101;;;
3556909;Interior;Vista Alegre do Alto;1913;23;;;
3556958;Interior;Vitória Brasil;770;10;;;
3557006;Interior;Votorantim;12540;572;;;
3557105;Interior;Votuporanga;21907;508;;;
3557154;Interior;Zacarias;280;12;;;
3557204;Interior;Chavantes;2697;60;;;
3557303;Interior;Estiva Gerbi;1195;36;;;
;;Ignorado;216;0;;;
;;;;;;;
